{
  "f1_macro": 0.6382095072119126,
  "f1_occluded": 0.7066495865843717,
  "f1_visible": 0.5697694278394535,
  "precision": 0.6373976208021896,
  "recall": 0.6442346702380036,
  "roc_auc": 0.7099714467680328
}