{
  "f1_macro": 0.6156049679458458,
  "f1_occluded": 0.7125953776401637,
  "f1_visible": 0.518614558251528,
  "precision": 0.6157014852237724,
  "recall": 0.6155116578720311,
  "roc_auc": 0.6704199404376963
}