{
  "f1_macro": 0.9565455396245521,
  "f1_sharp": 0.9246753246753247,
  "f1_blurry": 0.9884157545737796,
  "precision": 0.9400128592883568,
  "recall": 0.9750185529301543,
  "roc_auc": 0.9929725057489046
}