{
  "f1_macro": 0.9143576885945457,
  "f1_sharp": 0.8543689320388349,
  "f1_blurry": 0.9743464451502566,
  "precision": 0.8808125041065817,
  "recall": 0.9593947504003991,
  "roc_auc": 0.9923330521353122
}