{
  "mAP50": 0.21725897998005347,
  "mAP50_95": 0.08023774547758984,
  "precision": 0.5116077480724296,
  "recall": 0.22070258517538982,
  "per_class": {
    "alpine-ibex": 0.31712453500463705,
    "chamois": 0.030398908736939664,
    "dog": 0.06250797141048677,
    "fallow-deer": 0.2749725610975364,
    "human": 0.2272197902911745,
    "red-deer": 0.42719248073650984,
    "roe-deer": 0.18139661258308984
  }
}