{
  "mAP50": 0.1847311135046222,
  "mAP50_95": 0.06307555639916176,
  "precision": 0.30801760268420214,
  "recall": 0.2038109105661777,
  "per_class": {
    "alpine-ibex": 0.3157365939627761,
    "chamois": 0.0168141642465962,
    "dog": 0.028751636281540493,
    "fallow-deer": 0.273252018387129,
    "human": 0.23186331664454063,
    "no-animal": 0.00031365493184437083,
    "red-deer": 0.4534239738142719,
    "roe-deer": 0.15769354976827887
  }
}